<?xml version="1.0" encoding="UTF-8"?>
<beans xmlns="http://www.springframework.org/schema/beans"
	xmlns:xsi="http://www.w3.org/2001/XMLSchema-instance"
	xmlns:context="http://www.springframework.org/schema/context"
	xsi:schemaLocation="http://www.springframework.org/schema/beans http://www.springframework.org/schema/beans/spring-beans.xsd
		http://www.springframework.org/schema/context http://www.springframework.org/schema/context/spring-context-3.2.xsd">

	<bean class="org.springframework.beans.factory.config.CustomEditorConfigurer">
		<property name="customEditors">
			<map>
				<entry key="java.time.LocalDate" value="e01.DateConverter"/>
			</map>
		</property>
	</bean>

	<bean id="persona" class="e01.Persona">
		<property name="nombre" value="Ada"></property>
		<property name="apellidos" value="Lovelace"></property>
		<property name="fechaNac" value="1815-12-10"></property>
		<property name="telefono" value="999999999"></property>
		<property name="email" value="ada.lovelace@mail.com"></property>
		<property name="direccion" ref="direccion"></property>
	</bean>
	
	<bean id="direccion" class="e01.Direccion">
		<constructor-arg name="numero" value="1"></constructor-arg>
		<constructor-arg name="calle" value="King Street"></constructor-arg>
		<constructor-arg name="ciudad" value="London"></constructor-arg>
		<constructor-arg name="pais" value="United Kingdom"></constructor-arg>
	</bean>

</beans>
