URI,om_situadoEnVia,rdfs_label,om_tieneEnlaceSIG,geo_long,geo_lat,om_abierta
http://opendata.caceres.es/recurso/transporte/gasolineras/Gasolinera/0,http://opendata.caceres.es/recurso/urbanismo-infraestructuras/vias/Via/ctra_2848,Gasolinera Ctra. de Medellin II,http://sig2.caceres.es/SerWeb/fichatoponimo.asp?mslink=1891,-6.348488,39.442836,false
http://opendata.caceres.es/recurso/transporte/gasolineras/Gasolinera/1,http://opendata.caceres.es/recurso/urbanismo-infraestructuras/vias/Via/ctra_2564,Gasolinera Surtidor ITV,http://sig2.caceres.es/SerWeb/fichatoponimo.asp?mslink=1889,-6.37358,39.43806,true
http://opendata.caceres.es/recurso/transporte/gasolineras/Gasolinera/2,http://opendata.caceres.es/recurso/urbanismo-infraestructuras/vias/Via/avda_4143,Gasolinera de Carrefour,http://sig2.caceres.es/SerWeb/fichatoponimo.asp?mslink=1885,-6.396406,39.468139,true
http://opendata.caceres.es/recurso/transporte/gasolineras/Gasolinera/3,http://opendata.caceres.es/recurso/urbanismo-infraestructuras/vias/Via/calle_222,Gasolinera Mirat,http://sig2.caceres.es/SerWeb/fichatoponimo.asp?mslink=1886,-6.382531,39.46932,false
http://opendata.caceres.es/recurso/transporte/gasolineras/Gasolinera/4,http://opendata.caceres.es/recurso/urbanismo-infraestructuras/vias/Via/avda_1219,Gasolinera Avda. de Alemania,http://sig2.caceres.es/SerWeb/fichatoponimo.asp?mslink=1887,-6.383573,39.462145,true
http://opendata.caceres.es/recurso/transporte/gasolineras/Gasolinera/5,http://opendata.caceres.es/recurso/urbanismo-infraestructuras/vias/Via/ctra_2848,Gasolinera Ctra. de Medellin I,http://sig2.caceres.es/SerWeb/fichatoponimo.asp?mslink=1888,-6.365603,39.453397,true
http://opendata.caceres.es/recurso/transporte/gasolineras/Gasolinera/6,http://opendata.caceres.es/recurso/urbanismo-infraestructuras/vias/Via/avda_4143,Gasolinera Ctra. Malpartida,http://sig2.caceres.es/SerWeb/fichatoponimo.asp?mslink=1897,-6.453643,39.455994,true
