<?xml version="1.0" encoding="UTF-8"?>
<beans xmlns="http://www.springframework.org/schema/beans"
	xmlns:xsi="http://www.w3.org/2001/XMLSchema-instance"
	xmlns:context="http://www.springframework.org/schema/context"
	xsi:schemaLocation="http://www.springframework.org/schema/beans http://www.springframework.org/schema/beans/spring-beans.xsd
		http://www.springframework.org/schema/context http://www.springframework.org/schema/context/spring-context-3.2.xsd">

	<context:annotation-config />
	
	<bean id="jugador1" class="e03.Jugador">
		<property name="nombre" value="Carlos"></property>
		<property name="apellidos" value="Grande"></property>
	</bean>
	<bean id="jugador2" class="e03.Jugador">
		<property name="nombre" value="Charlie"></property>
		<property name="apellidos" value="Magne"></property>
	</bean>
	<bean id="equipo1" class="e03.Equipo">
		<property name="nombre" value="Mare Nostrum"></property>
		<property name="categoria" value="primera"></property>
	</bean>
</beans>
