<?xml version="1.0" encoding="UTF-8"?>
<beans xmlns="http://www.springframework.org/schema/beans"
	xmlns:xsi="http://www.w3.org/2001/XMLSchema-instance"
	xmlns:context="http://www.springframework.org/schema/context"
	xsi:schemaLocation="http://www.springframework.org/schema/beans http://www.springframework.org/schema/beans/spring-beans.xsd
		http://www.springframework.org/schema/context http://www.springframework.org/schema/context/spring-context-3.2.xsd">

<bean id="jugador1" class="e02.Jugador">
	<property name="nombre" value="Pedro"></property>
	<property name="apellidos" value="Perez"></property>
	<property name="nacionalidad" value="Espana"></property>
	<property name="posicion" value="centro"></property>
	<property name="dorsal" value="5"></property>
	<property name="equipo" ref="equipo"></property>
</bean>

<bean id="jugador2" class="e02.Jugador">
	<constructor-arg name="nombre" value="Pierre"></constructor-arg>
	<constructor-arg name="apellidos" value="Bisset"></constructor-arg>
	<constructor-arg name="nacionalidad" value="Francia"></constructor-arg>
	<constructor-arg name="posicion" value="delantero"></constructor-arg>
	<constructor-arg name="dorsal" value="8"></constructor-arg>
	<constructor-arg name="equipo" ref="equipo"></constructor-arg>
</bean>

<bean id="equipo" class="e02.Equipo">
	<property name="nombre" value="Neuer Fritz"></property>
	<property name="categoria" value="primera"></property>
	<property name="pais" value="Alemania"></property>
	<property name="estadio" value="Fritzstadion"></property>
	<property name="jugadores">
		<list>
			<ref bean="jugador1"/>
			<ref bean="jugador2"/>
		</list>
	</property>
</bean>

</beans>
